Workbook

Sheet الربع الأول 2024
A2: 1 | D2: تقييم خطتك | F2: =(F23+F53+F83+F113+F143+F173+F203+F233+F263+F293+F323+F353+F383+F397+F427+F457)/14 -> 0.7 | H2: تقييم ادائك حتى اليوم | J2: =(J23+J53+J83+J113+J143+J173+J203+J233+J263+J293+J323+J353+J383+J397)/14 -> 0.671875
A3: التقويم الأسبوعي | B3: الخطة والتقرير الأسبوعي
B4: خطة الأسبوع من / / 2024
B5: اليوم | C5: المهنة | D5: درجة الأهمية | E5: عاجلة | F5: تقييم أهمية المهمة من11 | G5: اليوم | H5: المهمة | I5: الإنجاز | J5: تقييم درجة الإنجاز من 10 | K5: السبب
A6: 45292 | B6: الاثنين | D6: درجة الأهمية | F6: 7 | G6: الاثنين | I6: تم | J6: 7
D7: درجة الأهمية | F7: 7 | I7: تم | J7: 7
D8: درجة الأهمية | F8: 7 | I8: تم | J8: 7
D9: درجة الأهمية | F9: 7 | I9: تم | J9: 7
A10: 45293 | B10: الثلاثاء | D10: درجة الأهمية | F10: 7 | G10: الثلاثاء | I10: تم | J10: 7
D11: درجة الأهمية | F11: 7 | I11: تم | J11: 7
D12: درجة الأهمية | F12: 7 | I12: تم | J12: 7
D13: درجة الأهمية | F13: 7 | I13: تم | J13: 7
A14: 45294 | B14: الأربعاء | D14: درجة الأهمية | F14: 7 | G14: الأربعاء | I14: تم | J14: 7
D15: درجة الأهمية | F15: 7 | I15: تم | J15: 7
D16: درجة الأهمية | F16: 7 | I16: تم | J16: 7
D17: درجة الأهمية | F17: 7 | I17: تم | J17: 7
A18: 45295 | B18: الخميس | D18: درجة الأهمية | F18: 7 | G18: الخميس | I18: تم | J18: 0
D19: درجة الأهمية | F19: 7 | I19: تم | J19: 7
D20: درجة الأهمية | F20: 7 | I20: تم | J20: 7
D21: درجة الأهمية | F21: 7 | I21: تم | J21: 7
D22: مجموع النقاط من 160 | F22: =SUM(F6:F21) -> 112 | H22: مجموع النقاط من 160 | J22: =SUM(J6:J21) -> 105
D23: تقييم الخطة | F23: =F22/160*1 -> 0.7 | H23: تقييم الأداء للأسبوع | J23: =J22/160*1 -> 0.65625
A24: 2
A25: التقويم الأسبوعي | B25: الخطة والتقرير الأسبوعي
B26: خطة الأسبوع من / / 2024 | G26: تقرير الأسبوع الحالي من / /2024
B27: اليوم | C27: المهنة | D27: درجة الأهمية | E27: عاجلة | F27: تقييم أهمية المهمة من11 | G27: اليوم | H27: المهمة | I27: الإنجاز | J27: تقييم درجة الإنجاز من 10 | K27: السبب
A28: 45297 | B28: السبت | D28: درجة الأهمية | F28: 7 | G28: السبت | I28: تم | J28: 7
D29: درجة الأهمية | F29: 7 | I29: تم | J29: 7
D30: درجة الأهمية | F30: 7 | I30: تم | J30: 7
D31: درجة الأهمية | F31: 7 | I31: تم | J31: 7
A32: 45298 | B32: الاحد | D32: درجة الأهمية | F32: 7 | G32: الاحد | I32: تم | J32: 7
D33: درجة الأهمية | F33: 7 | I33: تم | J33: 7
D34: درجة الأهمية | F34: 7 | I34: تم | J34: 7
D35: درجة الأهمية | F35: 7 | I35: تم | J35: 7
A36: 45299 | B36: الاثنين | D36: درجة الأهمية | F36: 7 | G36: الاثنين | I36: تم | J36: 7
D37: درجة الأهمية | F37: 7 | I37: تم | J37: 7
D38: درجة الأهمية | F38: 7 | I38: تم | J38: 7
D39: درجة الأهمية | F39: 7 | I39: تم | J39: 7
A40: 45300 | B40: الثلاثاء | D40: درجة الأهمية | F40: 7 | G40: الثلاثاء | I40: تم | J40: 7
D41: درجة الأهمية | F41: 7 | I41: تم | J41: 7
D42: درجة الأهمية | F42: 7 | I42: تم | J42: 7
D43: درجة الأهمية | F43: 7 | I43: تم | J43: 7
A44: 45301 | B44: الأربعاء | D44: درجة الأهمية | F44: 7 | G44: الأربعاء | I44: تم | J44: 7
D45: درجة الأهمية | F45: 7 | I45: تم | J45: 7
D46: درجة الأهمية | F46: 7 | I46: تم | J46: 7
D47: درجة الأهمية | F47: 7 | I47: تم | J47: 7
A48: 45302 | B48: الخميس | D48: درجة الأهمية | F48: 7 | G48: الخميس | I48: تم | J48: 0
D49: درجة الأهمية | F49: 7 | I49: تم | J49: 7
D50: درجة الأهمية | F50: 7 | I50: تم | J50: 7
D51: درجة الأهمية | F51: 7 | I51: تم | J51: 7
D52: مجموع النقاط من 240 | F52: =SUM(F28:F51) -> 168 | H52: مجموع النقاط من 240 | J52: =SUM(J28:J51) -> 161
D53: تقييم الخطة | F53: =F52/240*1 -> 0.7 | H53: تقييم الأداء للأسبوع | J53: =J52/240*1 -> 0.67083333
A54: 3
A55: التقويم الأسبوعي | B55: الخطة والتقرير الأسبوعي
B56: خطة الأسبوع من / / 2024 | G56: تقرير الأسبوع الحالي من / /2024
B57: اليوم | C57: المهنة | D57: درجة الأهمية | E57: عاجلة | F57: تقييم أهمية المهمة من11 | G57: اليوم | H57: المهمة | I57: الإنجاز | J57: تقييم درجة الإنجاز من 10 | K57: السبب
A58: 45304 | B58: السبت | D58: درجة الأهمية | F58: 7 | G58: السبت | I58: تم | J58: 7
D59: درجة الأهمية | F59: 7 | I59: تم | J59: 7
D60: درجة الأهمية | F60: 7 | I60: تم | J60: 7
D61: درجة الأهمية | F61: 7 | I61: تم | J61: 7
A62: 45305 | B62: الاحد | D62: درجة الأهمية | F62: 7 | G62: الاحد | I62: تم | J62: 7
D63: درجة الأهمية | F63: 7 | I63: تم | J63: 7
D64: درجة الأهمية | F64: 7 | I64: تم | J64: 7
D65: درجة الأهمية | F65: 7 | I65: تم | J65: 7
A66: 45306 | B66: الاثنين | D66: درجة الأهمية | F66: 7 | G66: الاثنين | I66: تم | J66: 7
D67: درجة الأهمية | F67: 7 | I67: تم | J67: 7
D68: درجة الأهمية | F68: 7 | I68: تم | J68: 7
D69: درجة الأهمية | F69: 7 | I69: تم | J69: 7
A70: 45307 | B70: الثلاثاء | D70: درجة الأهمية | F70: 7 | G70: الثلاثاء | I70: تم | J70: 7
D71: درجة الأهمية | F71: 7 | I71: تم | J71: 7
D72: درجة الأهمية | F72: 7 | I72: تم | J72: 7
D73: درجة الأهمية | F73: 7 | I73: تم | J73: 7
A74: 45308 | B74: الأربعاء | D74: درجة الأهمية | F74: 7 | G74: الأربعاء | I74: تم | J74: 7
D75: درجة الأهمية | F75: 7 | I75: تم | J75: 7
D76: درجة الأهمية | F76: 7 | I76: تم | J76: 7
D77: درجة الأهمية | F77: 7 | I77: تم | J77: 7
A78: 45309 | B78: الخميس | D78: درجة الأهمية | F78: 7 | G78: الخميس | I78: تم | J78: 0
D79: درجة الأهمية | F79: 7 | I79: تم | J79: 7
D80: درجة الأهمية | F80: 7 | I80: تم | J80: 7
D81: درجة الأهمية | F81: 7 | I81: تم | J81: 7
D82: مجموع النقاط من 240 | F82: =SUM(F58:F81) -> 168 | H82: مجموع النقاط من 240 | J82: =SUM(J58:J81) -> 161
D83: تقييم الخطة | F83: =F82/240*1 -> 0.7 | H83: تقييم الأداء للأسبوع | J83: =J82/240*1 -> 0.67083333
A84: 4
A85: التقويم الأسبوعي | B85: الخطة والتقرير الأسبوعي
B86: خطة الأسبوع من / / 2024 | G86: تقرير الأسبوع الحالي من / /2024
B87: اليوم | C87: المهنة | D87: درجة الأهمية | E87: عاجلة | F87: تقييم أهمية المهمة من11 | G87: اليوم | H87: المهمة | I87: الإنجاز | J87: تقييم درجة الإنجاز من 10 | K87: السبب
A88: 45311 | B88: السبت | D88: درجة الأهمية | F88: 7 | G88: السبت | I88: تم | J88: 7
D89: درجة الأهمية | F89: 7 | I89: تم | J89: 7
D90: درجة الأهمية | F90: 7 | I90: تم | J90: 7
D91: درجة الأهمية | F91: 7 | I91: تم | J91: 7
A92: 45312 | B92: الاحد | D92: درجة الأهمية | F92: 7 | G92: الاحد | I92: تم | J92: 7
D93: درجة الأهمية | F93: 7 | I93: تم | J93: 7
D94: درجة الأهمية | F94: 7 | I94: تم | J94: 7
D95: درجة الأهمية | F95: 7 | I95: تم | J95: 7
A96: 45313 | B96: الاثنين | D96: درجة الأهمية | F96: 7 | G96: الاثنين | I96: تم | J96: 7
D97: درجة الأهمية | F97: 7 | I97: تم | J97: 7
D98: درجة الأهمية | F98: 7 | I98: تم | J98: 7
D99: درجة الأهمية | F99: 7 | I99: تم | J99: 7
A100: 45314 | B100: الثلاثاء | D100: درجة الأهمية | F100: 7 | G100: الثلاثاء | I100: تم | J100: 7
D101: درجة الأهمية | F101: 7 | I101: تم | J101: 7
...

Sheet الربع الثاني 2024
A1: 1 | D1: تقييم خطتك | F1: =(F22+F52+F82+F112+F142+F172+F202+F232+F262+F292+F322+F352+F382+F400+F430+F460)/14 -> 0.7952381 | H1: تقييم ادائك حتى اليوم | J1: =(J22+J52+J82+J112+J142+J172+J202+J232+J262+J292+J322+J352+J382+J400)/14 -> 0.77857143
A2: التقويم الأسبوعي | B2: الخطة والتقرير الأسبوعي
B3: خطة الأسبوع من / / 2024 | G3: تقرير الأسبوع الحالي من / /2024
B4: اليوم | C4: المهنة | D4: درجة الأهمية | E4: عاجلة | F4: تقييم أهمية المهمة من11 | G4: اليوم | H4: التقرير | I4: الإنجاز | J4: تقييم درجة الإنجاز من 10 | K4: الملاحظات
A5: 45383 | B5: الاثنين | D5: درجة الأهمية | F5: 10 | G5: الاثنين | I5: تم | J5: 10
D6: درجة الأهمية | F6: 10 | I6: تم | J6: 10
D7: درجة الأهمية | F7: 10 | I7: تم | J7: 10
D8: درجة الأهمية | F8: 10 | I8: تم | J8: 10
A9: 45384 | B9: الثلاثاء | D9: درجة الأهمية | F9: 10 | G9: الثلاثاء | I9: تم | J9: 10
D10: درجة الأهمية | F10: 10 | I10: تم | J10: 10
D11: درجة الأهمية | F11: 10 | I11: تم | J11: 10
D12: درجة الأهمية | F12: 10 | I12: تم | J12: 10
A13: 45385 | B13: الأربعاء | D13: درجة الأهمية | F13: 10 | G13: الأربعاء | I13: تم | J13: 10
D14: درجة الأهمية | F14: 10 | I14: تم | J14: 10
D15: درجة الأهمية | F15: 10 | I15: تم | J15: 10
D16: درجة الأهمية | F16: 10 | I16: تم | J16: 10
A17: 45386 | B17: الخميس | D17: درجة الأهمية | F17: 10 | G17: الخميس | I17: تم | J17: 10
D18: درجة الأهمية | F18: 10 | I18: تم | J18: 10
D19: درجة الأهمية | F19: 10 | I19: تم | J19: 10
D20: درجة الأهمية | F20: 10 | I20: تم | J20: 10
D21: مجموع النقاط من 160 | F21: =SUM(F5:F20) -> 160 | H21: مجموع النقاط من 160 | J21: =SUM(J5:J20) -> 160
D22: تقييم الخطة | F22: =F21/160*1 -> 1 | H22: تقييم الأداء للأسبوع | J22: =J21/160*1 -> 1
A23: 2
A24: التقويم الأسبوعي | B24: الخطة والتقرير الأسبوعي
B25: خطة الأسبوع من / / 2024 | G25: تقرير الأسبوع الحالي من / /2024
B26: اليوم | C26: المهنة | D26: درجة الأهمية | E26: عاجلة | F26: تقييم أهمية المهمة من11 | G26: اليوم | H26: المهمة | I26: الإنجاز | J26: تقييم درجة الإنجاز من 10 | K26: السبب
A27: 45388 | B27: السبت | D27: درجة الأهمية | F27: 10 | G27: السبت | I27: تم | J27: 10
D28: درجة الأهمية | F28: 10 | I28: تم | J28: 10
D29: درجة الأهمية | F29: 10 | I29: تم | J29: 10
D30: درجة الأهمية | F30: 10 | I30: تم | J30: 10
A31: 45389 | B31: الاحد | D31: درجة الأهمية | F31: 10 | G31: الاحد | I31: تم | J31: 10
D32: درجة الأهمية | F32: 10 | I32: تم | J32: 10
D33: درجة الأهمية | F33: 10 | I33: تم | J33: 10
D34: درجة الأهمية | F34: 10 | I34: تم | J34: 10
A35: 45390 | B35: الاثنين | D35: درجة الأهمية | F35: 10 | G35: الاثنين | I35: تم | J35: 10
D36: درجة الأهمية | F36: 10 | I36: تم | J36: 10
D37: درجة الأهمية | F37: 10 | I37: تم | J37: 10
D38: درجة الأهمية | F38: 10 | I38: تم | J38: 10
A39: 45391 | B39: الثلاثاء | D39: درجة الأهمية | F39: 10 | G39: الثلاثاء | I39: تم | J39: 10
D40: درجة الأهمية | F40: 10 | I40: تم | J40: 10
D41: درجة الأهمية | F41: 10 | I41: تم | J41: 10
D42: درجة الأهمية | F42: 10 | I42: تم | J42: 10
A43: 45392 | B43: الأربعاء | D43: درجة الأهمية | F43: 10 | G43: الأربعاء | I43: تم | J43: 10
D44: درجة الأهمية | F44: 10 | I44: تم | J44: 10
D45: درجة الأهمية | F45: 10 | I45: تم | J45: 10
D46: درجة الأهمية | F46: 10 | I46: تم | J46: 10
A47: 45393 | B47: الخميس | D47: درجة الأهمية | F47: 10 | G47: الخميس | I47: تم | J47: 10
D48: درجة الأهمية | F48: 10 | I48: تم | J48: 10
D49: درجة الأهمية | F49: 10 | I49: تم | J49: 10
D50: درجة الأهمية | F50: 10 | I50: تم | J50: 10
D51: مجموع النقاط من 240 | F51: =SUM(F27:F50) -> 240 | H51: مجموع النقاط من 240 | J51: =SUM(J27:J50) -> 240
D52: تقييم الخطة | F52: =F51/240*1 -> 1 | H52: تقييم الأداء للأسبوع | J52: =J51/240*1 -> 1
A53: 3
A54: التقويم الأسبوعي | B54: الخطة والتقرير الأسبوعي
B55: خطة الأسبوع من / / 2024 | G55: تقرير الأسبوع الحالي من / /2024
B56: اليوم | C56: المهنة | D56: درجة الأهمية | E56: عاجلة | F56: تقييم أهمية المهمة من11 | G56: اليوم | H56: المهمة | I56: الإنجاز | J56: تقييم درجة الإنجاز من 10 | K56: السبب
A57: 45395 | B57: السبت | D57: درجة الأهمية | F57: 10 | G57: السبت | I57: تم | J57: 10
D58: درجة الأهمية | F58: 10 | I58: تم | J58: 10
D59: درجة الأهمية | F59: 10 | I59: تم | J59: 10
D60: درجة الأهمية | F60: 10 | I60: تم | J60: 10
A61: 45396 | B61: الاحد
A65: 45397 | B65: الاثنين | D65: درجة الأهمية | F65: 10 | G65: الاثنين | I65: تم | J65: 10
D66: درجة الأهمية | F66: 10 | I66: تم | J66: 10
D67: درجة الأهمية | F67: 10 | I67: تم | J67: 10
D68: درجة الأهمية | F68: 10 | I68: تم | J68: 10
A69: 45398 | B69: الثلاثاء | D69: درجة الأهمية | F69: 10 | G69: الثلاثاء | I69: تم | J69: 10
D70: درجة الأهمية | F70: 10 | I70: تم | J70: 10
D71: درجة الأهمية | F71: 10 | I71: تم | J71: 10
D72: درجة الأهمية | F72: 10 | I72: تم | J72: 10
A73: 45399 | B73: الأربعاء | D73: درجة الأهمية | F73: 10 | G73: الأربعاء | I73: تم | J73: 10
D74: درجة الأهمية | F74: 10 | I74: تم | J74: 10
D75: درجة الأهمية | F75: 10 | I75: تم | J75: 10
D76: درجة الأهمية | F76: 10 | I76: تم | J76: 10
A77: 45400 | B77: الخميس | D77: درجة الأهمية | F77: 10 | G77: الخميس | I77: تم | J77: 10
D78: درجة الأهمية | F78: 10 | I78: تم | J78: 10
D79: درجة الأهمية | F79: 10 | I79: تم | J79: 10
D80: درجة الأهمية | F80: 10 | I80: تم | J80: 10
D81: مجموع النقاط من 240 | F81: =SUM(F57:F80) -> 200 | H81: مجموع النقاط من 240 | J81: =SUM(J57:J80) -> 200
D82: تقييم الخطة | F82: =F81/240*1 -> 0.83333333 | H82: تقييم الأداء للأسبوع | J82: =J81/240*1 -> 0.83333333
A83: 4
A84: التقويم الأسبوعي | B84: الخطة والتقرير الأسبوعي
B85: خطة الأسبوع من / / 2024 | G85: تقرير الأسبوع الحالي من / /2024
B86: اليوم | C86: المهنة | D86: درجة الأهمية | E86: عاجلة | F86: تقييم أهمية المهمة من11 | G86: اليوم | H86: المهمة | I86: الإنجاز | J86: تقييم درجة الإنجاز من 10 | K86: السبب
A87: 45402 | B87: السبت | D87: درجة الأهمية | F87: 10 | G87: السبت | I87: تم | J87: 10
D88: درجة الأهمية | F88: 10 | I88: تم | J88: 10
D89: درجة الأهمية | F89: 10 | I89: تم | J89: 10
D90: درجة الأهمية | F90: 10 | I90: تم | J90: 10
A91: 45403 | B91: الاحد | C91: حضور عن بعد دورة تدريبية الساعة 12م الكهروضوئية في الشرق الأوسط وشمال أفريقيا 2024 | D91: درجة الأهمية | F91: 10 | G91: الاحد | H91: تم الحضور و الاستفادة من المناقشات و معرفة حالة السوق و المشاريع القائمة في الوقت الحالي في السعودية و كان الحديث بالاخص عن مدينة الملك سلمان و تم الانظمام في قروب واتساب | I91: تم | J91: 10
D92: درجة الأهمية | F92: 10 | H92: الاجتماع مع عبد الله ( قوقل ) و وضع خطة افضل و رفع ميزانية الفروع الرياض 2000 و القصيم 1000 ريال و المتجر 500 ريال | I92: تم | J92: 10
D93: درجة الأهمية | F93: 10 | I93: تم | J93: 10
D94: درجة الأهمية | F94: 10 | I94: تم | J94: 10
A95: 45404 | B95: الاثنين | D95: درجة الأهمية | F95: 10 | G95: الاثنين | H95: جمع الشهادات 12 ملف لأرسال لمشروع نيوم للاعتماد و تم الارسال | I95: تم | J95: 10
D96: درجة الأهمية | F96: 10 | I96: تم | J96: 10
D97: درجة الأهمية | F97: 10 | I97: تم | J97: 10
D98: درجة الأهمية | F98: 10 | I98: تم | J98: 10
A99: 45405 | B99: الثلاثاء | C99: حضور دعوة الساعة 1م عن بعد الشركة الوطنية للخدمات الزراعية | D99: درجة الأهمية | E99: 10 | F99: 10 | G99: الثلاثاء | H99: تم الحضور و طرح عدة اسالة من ضمنها لابد وضع تسهيلات للمزارعين بربط الشركة الوطنية للخدمات الزراعية في الصندوق الزراعي و كانت اجابتهم نعم نحن نعمل على ذلك و هاذي من ضمن خطتنا بالتطبيق الجديد و بعد الانتهاء من الاجتماع تم مراسلة المسؤول للزيارة يوم الاحد لفتح علاقة جيدة معهم و نكون من الشركات المبادرة بالتحول الى الطاقة الشمسية | I99: تم | J99: 10
D100: درجة الأهمية | F100: 10 | H100: ارسال ايميل لشركة DMG للمشاركة في معرض الطاقة السعودي و معرفة عدة تفاصيل | I100: تم | J100: 10
D101: درجة الأهمية | F101: 10 | I101: تم | J101: 10
D102: درجة الأهمية | F102: 10 | I102: تم | J102: 10
A103: 45406 | B103: الأربعاء | D103: درجة الأهمية | F103: 10 | G103: الأربعاء | H103: ارسال ايميل للشركة المنظمة لمعرض سمارت سيتي و جاري العمل على التنسيقات و معرفة الأسعار | I103: تم | J103: 10
...

Sheet الربع الثالث 2024
A1: 1 | D1: تقييم خطتك | F1: =(F22+F52+F82+F112+F142+F172+F202+F232+F262+F292+F322+F352+F382+F400+F430+F460)/14 -> 0.69791667 | H1: تقييم ادائك حتى اليوم | J1: =(J22+J52+J82+J112+J142+J172+J202+J232+J262+J292+J322+J352+J382+J400)/14 -> 0.671875
A2: التقويم الأسبوعي | B2: الخطة والتقرير الأسبوعي
B3: خطة الأسبوع من / / 2024 | G3: تقرير الأسبوع الحالي من / /2024
B4: اليوم | C4: المهنة | D4: درجة الأهمية | E4: عاجلة | F4: تقييم أهمية المهمة من11 | G4: اليوم | H4: المهمة | I4: الإنجاز | J4: تقييم درجة الإنجاز من 10 | K4: السبب
A5: 45474 | B5: الاثنين | D5: درجة الأهمية | F5: 7 | G5: الاثنين | I5: تم | J5: 7
D6: درجة الأهمية | F6: 7 | I6: تم | J6: 7
D7: درجة الأهمية | F7: 7 | I7: تم | J7: 7
D8: درجة الأهمية | F8: 7 | I8: تم | J8: 7
A9: 45475 | B9: الثلاثاء | D9: درجة الأهمية | F9: 7 | G9: الثلاثاء | I9: تم | J9: 7
D10: درجة الأهمية | F10: 7 | I10: تم | J10: 7
D11: درجة الأهمية | F11: 7 | I11: تم | J11: 7
D12: درجة الأهمية | F12: 7 | I12: تم | J12: 7
A13: 45476 | B13: الأربعاء | D13: درجة الأهمية | F13: 7 | G13: الأربعاء | I13: تم | J13: 7
D14: درجة الأهمية | F14: 7 | I14: تم | J14: 7
D15: درجة الأهمية | F15: 7 | I15: تم | J15: 7
D16: درجة الأهمية | F16: 7 | I16: تم | J16: 7
A17: 45477 | B17: الخميس | D17: درجة الأهمية | F17: 7 | G17: الخميس | I17: تم | J17: 0
D18: درجة الأهمية | F18: 7 | I18: تم | J18: 7
D19: درجة الأهمية | F19: 7 | I19: تم | J19: 7
D20: درجة الأهمية | F20: 7 | I20: تم | J20: 7
D21: مجموع النقاط من 160 | F21: =SUM(F5:F20) -> 112 | H21: مجموع النقاط من 160 | J21: =SUM(J5:J20) -> 105
D22: تقييم الخطة | F22: =F21/160*1 -> 0.7 | H22: تقييم الأداء للأسبوع | J22: =J21/160*1 -> 0.65625
A23: 2
A24: التقويم الأسبوعي | B24: الخطة والتقرير الأسبوعي
B25: خطة الأسبوع من / / 2024 | G25: تقرير الأسبوع الحالي من / /2024
B26: اليوم | C26: المهنة | D26: درجة الأهمية | E26: عاجلة | F26: تقييم أهمية المهمة من11 | G26: اليوم | H26: المهمة | I26: الإنجاز | J26: تقييم درجة الإنجاز من 10 | K26: السبب
A27: 45479 | B27: السبت | D27: درجة الأهمية | G27: السبت | I27: تم | J27: 7
D28: درجة الأهمية | F28: 7 | I28: تم | J28: 7
D29: درجة الأهمية | F29: 7 | I29: تم | J29: 7
D30: درجة الأهمية | F30: 7 | I30: تم | J30: 7
A31: 45480 | B31: الاحد | D31: درجة الأهمية | F31: 7 | G31: الاحد | I31: تم | J31: 7
D32: درجة الأهمية | F32: 7 | I32: تم | J32: 7
D33: درجة الأهمية | F33: 7 | I33: تم | J33: 7
D34: درجة الأهمية | F34: 7 | I34: تم | J34: 7
A35: 45481 | B35: الاثنين | D35: درجة الأهمية | F35: 7 | G35: الاثنين | I35: تم | J35: 7
D36: درجة الأهمية | F36: 7 | I36: تم | J36: 7
D37: درجة الأهمية | F37: 7 | I37: تم | J37: 7
D38: درجة الأهمية | F38: 7 | I38: تم | J38: 7
A39: 45482 | B39: الثلاثاء | D39: درجة الأهمية | F39: 7 | G39: الثلاثاء | I39: تم | J39: 7
D40: درجة الأهمية | F40: 7 | I40: تم | J40: 7
D41: درجة الأهمية | F41: 7 | I41: تم | J41: 7
D42: درجة الأهمية | F42: 7 | I42: تم | J42: 7
A43: 45483 | B43: الأربعاء | D43: درجة الأهمية | F43: 7 | G43: الأربعاء | I43: تم | J43: 7
D44: درجة الأهمية | F44: 7 | I44: تم | J44: 7
D45: درجة الأهمية | F45: 7 | I45: تم | J45: 7
D46: درجة الأهمية | F46: 7 | I46: تم | J46: 7
A47: 45484 | B47: الخميس | D47: درجة الأهمية | F47: 7 | G47: الخميس | I47: تم | J47: 0
D48: درجة الأهمية | F48: 7 | I48: تم | J48: 7
D49: درجة الأهمية | F49: 7 | I49: تم | J49: 7
D50: درجة الأهمية | F50: 7 | I50: تم | J50: 7
D51: مجموع النقاط من 240 | F51: =SUM(F27:F50) -> 161 | H51: مجموع النقاط من 240 | J51: =SUM(J27:J50) -> 161
D52: تقييم الخطة | F52: =F51/240*1 -> 0.67083333 | H52: تقييم الأداء للأسبوع | J52: =J51/240*1 -> 0.67083333
A53: 3
A54: التقويم الأسبوعي | B54: الخطة والتقرير الأسبوعي
B55: خطة الأسبوع من / / 2024 | G55: تقرير الأسبوع الحالي من / /2024
B56: اليوم | C56: المهنة | D56: درجة الأهمية | E56: عاجلة | F56: تقييم أهمية المهمة من11 | G56: اليوم | H56: المهمة | I56: الإنجاز | J56: تقييم درجة الإنجاز من 10 | K56: السبب
A57: 45486 | B57: السبت | D57: درجة الأهمية | F57: 7 | G57: السبت | I57: تم | J57: 7
D58: درجة الأهمية | F58: 7 | I58: تم | J58: 7
D59: درجة الأهمية | F59: 7 | I59: تم | J59: 7
D60: درجة الأهمية | F60: 7 | I60: تم | J60: 7
A61: 45487 | B61: الاحد | D61: درجة الأهمية | F61: 7 | G61: الاحد | I61: تم | J61: 7
D62: درجة الأهمية | F62: 7 | I62: تم | J62: 7
D63: درجة الأهمية | F63: 7 | I63: تم | J63: 7
D64: درجة الأهمية | F64: 7 | I64: تم | J64: 7
A65: 45488 | B65: الاثنين | D65: درجة الأهمية | F65: 7 | G65: الاثنين | I65: تم | J65: 7
D66: درجة الأهمية | F66: 7 | I66: تم | J66: 7
D67: درجة الأهمية | F67: 7 | I67: تم | J67: 7
D68: درجة الأهمية | F68: 7 | I68: تم | J68: 7
A69: 45489 | B69: الثلاثاء | D69: درجة الأهمية | F69: 7 | G69: الثلاثاء | I69: تم | J69: 7
D70: درجة الأهمية | F70: 7 | I70: تم | J70: 7
D71: درجة الأهمية | F71: 7 | I71: تم | J71: 7
D72: درجة الأهمية | F72: 7 | I72: تم | J72: 7
A73: 45490 | B73: الأربعاء | D73: درجة الأهمية | F73: 7 | G73: الأربعاء | I73: تم | J73: 7
D74: درجة الأهمية | F74: 7 | I74: تم | J74: 7
D75: درجة الأهمية | F75: 7 | I75: تم | J75: 7
D76: درجة الأهمية | F76: 7 | I76: تم | J76: 7
A77: 45491 | B77: الخميس | D77: درجة الأهمية | F77: 7 | G77: الخميس | I77: تم | J77: 0
D78: درجة الأهمية | F78: 7 | I78: تم | J78: 7
D79: درجة الأهمية | F79: 7 | I79: تم | J79: 7
D80: درجة الأهمية | F80: 7 | I80: تم | J80: 7
D81: مجموع النقاط من 240 | F81: =SUM(F57:F80) -> 168 | H81: مجموع النقاط من 240 | J81: =SUM(J57:J80) -> 161
D82: تقييم الخطة | F82: =F81/240*1 -> 0.7 | H82: تقييم الأداء للأسبوع | J82: =J81/240*1 -> 0.67083333
A83: 4
A84: التقويم الأسبوعي | B84: الخطة والتقرير الأسبوعي
B85: خطة الأسبوع من / / 2024 | G85: تقرير الأسبوع الحالي من / /2024
B86: اليوم | C86: المهنة | D86: درجة الأهمية | E86: عاجلة | F86: تقييم أهمية المهمة من11 | G86: اليوم | H86: المهمة | I86: الإنجاز | J86: تقييم درجة الإنجاز من 10 | K86: السبب
A87: 45493 | B87: السبت | D87: درجة الأهمية | F87: 7 | G87: السبت | I87: تم | J87: 7
D88: درجة الأهمية | F88: 7 | I88: تم | J88: 7
D89: درجة الأهمية | F89: 7 | I89: تم | J89: 7
D90: درجة الأهمية | F90: 7 | I90: تم | J90: 7
A91: 45494 | B91: الاحد | D91: درجة الأهمية | F91: 7 | G91: الاحد | I91: تم | J91: 7
D92: درجة الأهمية | F92: 7 | I92: تم | J92: 7
D93: درجة الأهمية | F93: 7 | I93: تم | J93: 7
D94: درجة الأهمية | F94: 7 | I94: تم | J94: 7
A95: 45495 | B95: الاثنين | D95: درجة الأهمية | F95: 7 | G95: الاثنين | I95: تم | J95: 7
D96: درجة الأهمية | F96: 7 | I96: تم | J96: 7
D97: درجة الأهمية | F97: 7 | I97: تم | J97: 7
D98: درجة الأهمية | F98: 7 | I98: تم | J98: 7
A99: 45496 | B99: الثلاثاء | D99: درجة الأهمية | F99: 7 | G99: الثلاثاء | I99: تم | J99: 7
D100: درجة الأهمية | F100: 7 | I100: تم | J100: 7
...

Sheet الربع الرابع 2024
A2: 1 | D2: تقييم خطتك | F2: =(F19+F49+F79+F109+F139+F169+F199+F229+F259+F289+F319+F349+F379+F401+F431)/14 -> 0.7 | H2: تقييم ادائك حتى اليوم | J2: =(J19+J49+J79+J109+J139+J169+J199+J229+J259+J289+J319+J349+J379+J401)/14 -> 0.67708333
A3: التقويم الأسبوعي | B3: الخطة والتقرير الأسبوعي
B4: خطة الأسبوع من / / 2024 | G4: تقرير الأسبوع الحالي من / /2024
B5: اليوم | C5: المهنة | D5: درجة الأهمية | E5: عاجلة | F5: تقييم أهمية المهمة من11 | G5: اليوم | H5: المهمة | I5: الإنجاز | J5: تقييم درجة الإنجاز من 10 | K5: السبب
A6: 45566 | B6: الثلاثاء | D6: درجة الأهمية | F6: 7 | G6: الثلاثاء | I6: تم | J6: 7
D7: درجة الأهمية | F7: 7 | I7: تم | J7: 7
D8: درجة الأهمية | F8: 7 | I8: تم | J8: 7
D9: درجة الأهمية | F9: 7 | I9: تم | J9: 7
A10: 45567 | B10: الأربعاء | D10: درجة الأهمية | F10: 7 | G10: الأربعاء | I10: تم | J10: 7
D11: درجة الأهمية | F11: 7 | I11: تم | J11: 7
D12: درجة الأهمية | F12: 7 | I12: تم | J12: 7
D13: درجة الأهمية | F13: 7 | I13: تم | J13: 7
A14: 45568 | B14: الخميس | D14: درجة الأهمية | F14: 7 | G14: الخميس | I14: تم | J14: 7
D15: درجة الأهمية | F15: 7 | I15: تم | J15: 7
D16: درجة الأهمية | F16: 7 | I16: تم | J16: 7
D17: درجة الأهمية | F17: 7 | I17: تم | J17: 7
D18: مجموع النقاط من 120 | F18: =SUM(F6:F17) -> 84 | H18: مجموع النقاط من 120 | J18: =SUM(J6:J17) -> 84
D19: تقييم الخطة | F19: =F18/120*1 -> 0.7 | H19: تقييم الأداء للأسبوع | J19: =J18/120*1 -> 0.7
A20: 2
A21: التقويم الأسبوعي | B21: الخطة والتقرير الأسبوعي
B22: خطة الأسبوع من / / 2024 | G22: تقرير الأسبوع الحالي من / /2024
B23: اليوم | C23: المهنة | D23: درجة الأهمية | E23: عاجلة | F23: تقييم أهمية المهمة من11 | G23: اليوم | H23: المهمة | I23: الإنجاز | J23: تقييم درجة الإنجاز من 10 | K23: السبب
A24: 45570 | B24: السبت | D24: درجة الأهمية | F24: 7 | G24: السبت | I24: تم | J24: 7
D25: درجة الأهمية | F25: 7 | I25: تم | J25: 7
D26: درجة الأهمية | F26: 7 | I26: تم | J26: 7
D27: درجة الأهمية | F27: 7 | I27: تم | J27: 7
A28: 45571 | B28: الاحد | D28: درجة الأهمية | F28: 7 | G28: الاحد | I28: تم | J28: 7
D29: درجة الأهمية | F29: 7 | I29: تم | J29: 7
D30: درجة الأهمية | F30: 7 | I30: تم | J30: 7
D31: درجة الأهمية | F31: 7 | I31: تم | J31: 7
A32: 45572 | B32: الاثنين | D32: درجة الأهمية | F32: 7 | G32: الاثنين | I32: تم | J32: 7
D33: درجة الأهمية | F33: 7 | I33: تم | J33: 7
D34: درجة الأهمية | F34: 7 | I34: تم | J34: 7
D35: درجة الأهمية | F35: 7 | I35: تم | J35: 7
A36: 45573 | B36: الثلاثاء | D36: درجة الأهمية | F36: 7 | G36: الثلاثاء | I36: تم | J36: 7
D37: درجة الأهمية | F37: 7 | I37: تم | J37: 7
D38: درجة الأهمية | F38: 7 | I38: تم | J38: 7
D39: درجة الأهمية | F39: 7 | I39: تم | J39: 7
A40: 45574 | B40: الأربعاء | D40: درجة الأهمية | F40: 7 | G40: الأربعاء | I40: تم | J40: 7
D41: درجة الأهمية | F41: 7 | I41: تم | J41: 7
D42: درجة الأهمية | F42: 7 | I42: تم | J42: 7
D43: درجة الأهمية | F43: 7 | I43: تم | J43: 7
A44: 45575 | B44: الخميس | D44: درجة الأهمية | F44: 7 | G44: الخميس | I44: تم | J44: 7
D45: درجة الأهمية | F45: 7 | I45: تم | J45: 7
D46: درجة الأهمية | F46: 7 | I46: تم | J46: 7
D47: درجة الأهمية | F47: 7 | I47: تم | J47: 7
D48: مجموع النقاط من 240 | F48: =SUM(F24:F47) -> 168 | H48: مجموع النقاط من 240 | J48: =SUM(J24:J47) -> 168
D49: تقييم الخطة | F49: =F48/240*1 -> 0.7 | H49: تقييم الأداء للأسبوع | J49: =J48/240*1 -> 0.7
A50: 3
A51: التقويم الأسبوعي | B51: الخطة والتقرير الأسبوعي
B52: خطة الأسبوع من / / 2024 | G52: تقرير الأسبوع الحالي من / /2024
B53: اليوم | C53: المهنة | D53: درجة الأهمية | E53: عاجلة | F53: تقييم أهمية المهمة من11 | G53: اليوم | H53: المهمة | I53: الإنجاز | J53: تقييم درجة الإنجاز من 10 | K53: السبب
A54: 45577 | B54: السبت | D54: درجة الأهمية | F54: 7 | G54: السبت | I54: تم | J54: 7
D55: درجة الأهمية | F55: 7 | I55: تم | J55: 7
D56: درجة الأهمية | F56: 7 | I56: تم | J56: 7
D57: درجة الأهمية | F57: 7 | I57: تم | J57: 7
A58: 45578 | B58: الاحد | D58: درجة الأهمية | F58: 7 | G58: الاحد | I58: تم | J58: 7
D59: درجة الأهمية | F59: 7 | I59: تم | J59: 7
D60: درجة الأهمية | F60: 7 | I60: تم | J60: 7
D61: درجة الأهمية | F61: 7 | I61: تم | J61: 7
A62: 45579 | B62: الاثنين | D62: درجة الأهمية | F62: 7 | G62: الاثنين | I62: تم | J62: 7
D63: درجة الأهمية | F63: 7 | I63: تم | J63: 7
D64: درجة الأهمية | F64: 7 | I64: تم | J64: 7
D65: درجة الأهمية | F65: 7 | I65: تم | J65: 7
A66: 45580 | B66: الثلاثاء | D66: درجة الأهمية | F66: 7 | G66: الثلاثاء | I66: تم | J66: 7
D67: درجة الأهمية | F67: 7 | I67: تم | J67: 7
D68: درجة الأهمية | F68: 7 | I68: تم | J68: 7
D69: درجة الأهمية | F69: 7 | I69: تم | J69: 7
A70: 45581 | B70: الأربعاء | D70: درجة الأهمية | F70: 7 | G70: الأربعاء | I70: تم | J70: 7
D71: درجة الأهمية | F71: 7 | I71: تم | J71: 7
D72: درجة الأهمية | F72: 7 | I72: تم | J72: 7
D73: درجة الأهمية | F73: 7 | I73: تم | J73: 7
A74: 45582 | B74: الخميس | D74: درجة الأهمية | F74: 7 | G74: الخميس | I74: تم | J74: 0
D75: درجة الأهمية | F75: 7 | I75: تم | J75: 7
D76: درجة الأهمية | F76: 7 | I76: تم | J76: 7
D77: درجة الأهمية | F77: 7 | I77: تم | J77: 7
D78: مجموع النقاط من 240 | F78: =SUM(F54:F77) -> 168 | H78: مجموع النقاط من 240 | J78: =SUM(J54:J77) -> 161
D79: تقييم الخطة | F79: =F78/240*1 -> 0.7 | H79: تقييم الأداء للأسبوع | J79: =J78/240*1 -> 0.67083333
A80: 4
A81: التقويم الأسبوعي | B81: الخطة والتقرير الأسبوعي
B82: خطة الأسبوع من / / 2024 | G82: تقرير الأسبوع الحالي من / /2024
B83: اليوم | C83: المهنة | D83: درجة الأهمية | E83: عاجلة | F83: تقييم أهمية المهمة من11 | G83: اليوم | H83: المهمة | I83: الإنجاز | J83: تقييم درجة الإنجاز من 10 | K83: السبب
A84: 45584 | B84: السبت | D84: درجة الأهمية | F84: 7 | G84: السبت | I84: تم | J84: 7
D85: درجة الأهمية | F85: 7 | I85: تم | J85: 7
D86: درجة الأهمية | F86: 7 | I86: تم | J86: 7
D87: درجة الأهمية | F87: 7 | I87: تم | J87: 7
A88: 45585 | B88: الاحد | D88: درجة الأهمية | F88: 7 | G88: الاحد | I88: تم | J88: 7
D89: درجة الأهمية | F89: 7 | I89: تم | J89: 7
D90: درجة الأهمية | F90: 7 | I90: تم | J90: 7
D91: درجة الأهمية | F91: 7 | I91: تم | J91: 7
A92: 45586 | B92: الاثنين | D92: درجة الأهمية | F92: 7 | G92: الاثنين | I92: تم | J92: 7
D93: درجة الأهمية | F93: 7 | I93: تم | J93: 7
D94: درجة الأهمية | F94: 7 | I94: تم | J94: 7
D95: درجة الأهمية | F95: 7 | I95: تم | J95: 7
A96: 45587 | B96: الثلاثاء | D96: درجة الأهمية | F96: 7 | G96: الثلاثاء | I96: تم | J96: 7
D97: درجة الأهمية | F97: 7 | I97: تم | J97: 7
D98: درجة الأهمية | F98: 7 | I98: تم | J98: 7
D99: درجة الأهمية | F99: 7 | I99: تم | J99: 7
A100: 45588 | B100: الأربعاء | D100: درجة الأهمية | F100: 7 | G100: الأربعاء | I100: تم | J100: 7
D101: درجة الأهمية | F101: 7 | I101: تم | J101: 7
...

Sheet التقييم الشامل 
B3: التقييم الشامل للخطة والتقارير
B4: الربع | C4: الخطة | D4: التقرير
B5: الأول | C5: ='الربع الأول 2024'!F2 -> 0.7 | D5: ='الربع الأول 2024'!J2 -> 0.671875
B6: الثاني | C6: ='الربع الثاني 2024'!F1 -> 0.7952381 | D6: ='الربع الثاني 2024'!J1 -> 0.77857143
B7: الثالث | C7: ='الربع الثالث 2024'!F1 -> 0.69791667 | D7: ='الربع الثالث 2024'!J1 -> 0.671875
B8: الرابع | C8: ='الربع الرابع 2024'!F2 -> 0.7 | D8: ='الربع الرابع 2024'!J2 -> 0.67708333
B9: النهائي | C9: =SUM(C5:C8)/4 -> 0.72328869 | D9: =SUM(D5:D8)/4 -> 0.69985119
